{
    "materials":[{
        "colorSpecular":[0.476471,0.476471,0.476471],
        "DbgColor":15658734,
        "depthTest":true,
        "DbgName":"Global",
        "colorEmissive":[0,0,0],
        "visible":true,
        "depthWrite":true,
        "opacity":1,
        "DbgIndex":0,
        "specularCoef":50,
        "blending":"NormalBlending",
        "vertexColors":false,
        "wireframe":false,
        "transparent":false,
        "shading":"phong"
    }],
    "normals":[0,-1,0,0,1.65569e-07,1,1,-0,-0,1,-0,0,-0,-1,-0,-0,-1,0,0,-1,-0,-1,0,0,-1,0,0,0.574038,0,-0.818829,0.87242,0,0.488758,-0.438574,0,0.898695,0,0,1,0,0,1,0,-0,1,0,1,0,0,1,0,-0,1,0,-1,0,-0,0,0,-1,-0,-8.27843e-08,-1,0,-8.27843e-08,-1,0,0,-1,-6.65233e-08,-7.09579e-08,-1,0,-1.65569e-07,-1,-1,0,-0,-1,-0,-0,-1,-0,0,-0,8.27843e-08,1,-0,0,1,-0,-0,1,6.65233e-08,7.09579e-08,1,0,8.27843e-08,1,0.574038,0,0.818829,0.87242,0,-0.488758,-0.438574,0,-0.898695,-0.438574,-0,-0.898695,-0,-0,-1,-0,-0,-1,-0,0,-1,0,1,-0,-0.556865,0.788025,-0.262522,-0.556865,0.788025,-0.262522,-0,1,-0,0,1,-0,0,0.788026,0.615643,-1.18032e-07,0.788025,0.615643,-0,0.788025,0.615643,-0,0.788025,0.615643,1.27789e-07,0.788025,0.615643,-1.37069e-06,0.788025,0.615643,0.543535,0.788025,0.289114,0.543535,0.788025,0.289114,0.543535,0.788024,-0.289115,0.543535,0.788025,-0.289114,0,0.788025,-0.615643,1.07302e-07,0.788025,-0.615644,0,0.788024,-0.615644,-1.4055e-06,0.788024,-0.615644,-1.27789e-07,0.788024,-0.615644,0,0.788025,-0.615643,0.615644,0.788025,0,0.615644,0.788025,0,-0.556865,0.788025,0.262522,-0.556865,0.788025,0.262522,-0.615636,0.78803,0,-0.615644,0.788025,-9.18732e-07,-0.615644,0.788024,0,-0.615644,0.788025,9.11824e-07,0.804024,0.594597,-0,0.804024,0.594597,0,0,0.813744,-0.581223,2.60322e-07,0.813734,-0.581238,0,0.813733,-0.581239,-0.633414,0.773813,0,-0.633414,0.773813,0,0,0.813744,0.581223,2.60322e-07,0.813734,0.581238,0,0.813733,0.581239,-0.82326,-0.567665,0,0,-0.80358,0.595197,-1.91097e-07,-0.803172,0.595748,0,-0.803171,0.595748,0.649193,-0.760624,0,0.649192,-0.760624,0,-1,-0,0,0,-0.803171,-0.595748,-1.91097e-07,-0.803172,-0.595748,0,-0.80358,-0.595197,0,-1,-0],
    "faces":[42,0,1,2,0,0,1,2,0,0,0,42,0,2,3,0,0,2,3,0,0,0,42,4,94,5,0,0,1,4,1,1,1,42,5,95,96,0,4,1,5,1,1,1,42,97,1,6,0,0,1,3,2,2,2,42,6,1,98,0,3,1,2,3,3,3,42,6,7,99,0,3,0,2,4,4,4,42,100,7,8,0,2,0,1,4,4,4,42,9,10,13,0,6,3,7,5,5,5,42,13,10,11,0,7,3,8,5,5,5,42,13,11,12,0,7,8,9,6,6,6,42,14,15,101,0,3,0,10,7,7,7,42,102,15,103,0,10,0,1,8,8,8,42,104,105,2,0,10,1,2,8,8,8,42,106,107,17,0,1,2,0,9,9,9,42,17,108,16,0,0,2,3,9,9,9,42,109,110,18,0,1,2,0,10,10,10,42,18,111,112,0,0,2,3,10,10,10,42,113,114,19,0,1,2,0,11,11,11,42,19,115,116,0,0,2,3,11,11,11,42,117,118,119,0,1,11,0,12,12,12,42,120,121,122,0,0,11,12,13,13,13,42,123,124,125,0,0,12,3,12,12,12,42,126,127,128,0,3,12,13,14,14,14,42,129,130,131,0,3,13,2,14,14,14,42,132,133,134,0,14,15,16,15,15,15,42,135,136,137,0,16,15,17,16,16,16,42,138,139,140,0,16,17,18,16,16,16,42,141,142,143,0,18,17,19,17,17,17,42,21,22,20,0,1,2,0,0,0,0,42,20,22,23,0,0,2,3,0,0,0,42,144,145,146,0,0,1,3,1,1,1,42,147,148,149,0,3,1,2,1,1,1,42,7,150,151,0,0,1,3,18,18,18,42,152,153,22,0,3,1,2,8,8,8,42,154,155,156,0,0,20,21,19,19,19,42,157,158,159,0,21,20,1,20,20,20,42,160,161,162,0,21,1,22,21,21,21,42,163,164,165,0,0,21,3,19,19,19,42,166,167,168,0,3,21,23,22,22,22,42,169,170,171,0,3,23,2,23,23,23,42,172,173,174,0,2,23,24,21,21,21,42,175,21,10,0,0,1,3,2,2,2,42,10,21,176,0,3,1,2,3,3,3,42,25,26,24,0,1,2,0,0,0,0,42,24,26,27,0,0,2,3,0,0,0,42,28,177,29,0,25,26,3,24,24,24,42,29,178,179,0,3,26,2,24,24,24,42,30,25,180,0,0,1,3,2,2,2,42,181,25,182,0,3,1,2,3,3,3,42,183,31,184,0,3,0,2,4,4,4,42,185,31,32,0,2,0,1,4,4,4,42,34,35,33,0,1,2,0,0,0,0,42,33,35,36,0,0,2,3,0,0,0,42,31,186,187,0,0,1,3,25,25,25,42,188,189,35,0,3,1,2,8,8,8,42,37,190,191,0,0,1,3,24,24,24,42,192,193,194,0,3,1,2,24,24,24,42,38,34,195,0,0,1,3,2,2,2,42,196,34,197,0,3,1,2,3,3,3,42,198,39,199,0,27,28,2,4,4,4,42,200,39,41,0,2,28,29,0,0,0,42,41,39,40,0,29,28,30,0,0,0,42,201,26,202,0,1,2,20,26,26,26,42,203,26,42,0,20,2,3,26,26,26,42,204,42,43,0,20,3,0,27,27,27,42,205,206,207,0,2,10,23,28,28,28,42,208,209,44,0,23,10,3,12,12,12,42,210,44,211,0,23,3,0,29,29,29,42,212,213,214,0,23,0,21,30,30,30,42,215,216,217,0,21,0,1,31,31,31,42,218,219,220,0,21,1,22,32,32,32,42,221,222,223,0,23,24,2,32,32,32,42,224,225,226,0,1,2,0,33,33,33,42,227,228,45,0,0,2,3,33,33,33,42,229,230,231,0,1,2,0,34,34,34,42,232,233,46,0,0,2,3,34,34,34,42,234,235,236,0,1,2,0,35,35,35,42,237,238,47,0,0,2,3,36,36,36,42,239,240,241,0,2,3,31,37,37,37,42,242,243,244,0,31,3,32,38,38,38,42,245,246,247,0,32,3,0,37,37,37,42,248,249,250,0,32,0,33,39,39,39,42,251,252,253,0,33,0,1,39,39,39,42,254,255,256,0,34,35,36,16,16,16,42,257,258,259,0,36,35,37,16,16,16,42,260,261,262,0,36,37,38,40,40,40,42,263,264,265,0,34,1,35,15,15,15,42,51,48,50,0,39,40,3,41,41,41,42,50,266,49,0,3,41,42,42,42,42,42,53,54,52,0,43,44,45,40,40,40,42,52,54,267,0,45,44,46,40,40,40,42,268,54,59,0,46,44,47,40,40,40,42,269,59,270,0,46,47,48,40,40,40,42,55,56,54,0,49,50,44,43,43,43,42,54,56,59,0,44,50,47,40,40,40,42,56,57,59,0,50,51,47,16,16,16,42,59,57,58,0,47,51,52,44,44,44,42,62,60,63,0,53,54,55,45,45,45,42,63,60,271,0,55,54,56,46,46,46,42,63,272,273,0,55,56,57,47,47,47,42,274,275,63,0,57,58,55,48,48,48,42,63,276,62,0,55,58,53,49,49,49,42,277,61,62,0,58,1,53,50,50,50,42,278,279,280,0,59,1,3,51,51,51,42,281,282,64,0,3,1,60,52,52,52,42,65,283,284,0,2,61,0,53,53,53,42,65,285,66,0,2,0,62,54,54,54,42,286,287,68,0,63,64,65,55,55,55,42,68,288,289,0,65,64,66,56,56,56,42,68,290,67,0,65,66,67,57,57,57,42,291,292,67,0,2,68,67,58,58,58,42,67,293,68,0,67,68,65,59,59,59,42,294,295,68,0,68,63,65,60,60,60,42,296,297,298,0,2,69,1,61,61,61,42,299,300,301,0,1,69,70,62,62,62,42,69,61,302,0,71,1,72,63,63,63,42,303,304,305,0,72,2,73,64,64,64,42,71,306,70,0,74,2,75,65,65,65,42,70,307,308,0,75,2,76,66,66,66,42,70,309,73,0,75,76,77,67,67,67,42,73,310,311,0,77,76,78,67,67,67,42,73,312,313,0,77,78,0,68,68,68,42,314,72,73,0,0,79,77,65,65,65,42,74,75,77,0,1,2,80,69,69,69,42,77,75,76,0,80,2,81,70,70,70,42,78,79,315,0,3,2,82,71,71,71,42,316,79,80,0,82,2,83,72,72,72,42,317,80,318,0,82,83,84,73,73,73,42,319,81,320,0,1,2,85,74,74,74,42,321,81,82,0,85,2,86,75,75,75,42,83,322,323,0,2,87,1,76,76,76,42,324,325,326,0,1,87,88,77,77,77,42,327,328,329,0,88,87,89,78,78,78,42,330,331,84,0,90,91,2,79,79,79,42,84,332,85,0,2,91,92,79,79,79,42,86,333,87,0,93,94,1,80,80,80,42,87,334,335,0,1,94,95,81,81,81,42,336,337,338,0,95,94,96,82,82,82,42,339,88,340,0,97,1,98,83,83,83,42,341,88,342,0,98,1,2,84,84,84,42,83,89,343,0,2,3,99,8,8,8,42,344,89,90,0,99,3,100,85,85,85,42,345,90,346,0,99,100,101,7,7,7,42,347,90,348,0,101,100,92,8,8,8,42,91,349,350,0,2,102,92,8,8,8,42,351,352,353,0,92,102,103,85,85,85,42,354,355,356,0,104,105,106,86,86,86,42,357,358,359,0,106,105,2,87,87,87,42,360,361,362,0,2,105,107,88,88,88,42,363,364,365,0,108,109,110,4,4,4,42,366,367,368,0,110,109,111,4,4,4,42,369,370,371,0,110,111,112,6,6,6,42,372,373,374,0,113,114,108,4,4,4,42,375,376,93,0,108,114,115,0,0,0,42,377,93,92,0,108,115,116,0,0,0,42,378,379,380,0,117,118,113,0,0,0,42,381,382,383,0,113,118,119,0,0,0,42,384,385,386,0,113,119,114,0,0,0,42,387,388,389,0,118,117,112,5,5,5,42,390,391,392,0,112,117,110,0,0,0,42,92,393,394,0,116,109,108,4,4,4,42,395,396,397,0,120,121,109,4,4,4,42,398,399,400,0,109,121,122,4,4,4,42,401,402,403,0,109,122,111,89,89,89,42,404,405,406,0,111,122,123,6,6,6,42,407,408,409,0,123,122,124,6,6,6,42,410,411,61,0,123,124,1,6,6,6,42,412,413,414,0,120,125,126,0,0,0,42,415,416,417,0,120,126,121,5,5,5,42,418,419,65,0,121,126,2,0,0,0,42,420,421,422,0,124,122,1,4,4,4,42,423,424,425,0,0,127,3,19,19,19,42,426,427,428,0,3,127,128,19,19,19,42,429,430,431,0,3,128,129,19,19,19,42,432,433,434,0,129,2,3,19,19,19,42,435,436,437,0,1,2,130,40,40,40,42,438,439,440,0,130,2,131,40,40,40,42,441,442,443,0,1,132,0,12,12,12,42,444,445,446,0,0,132,3,12,12,12],
    "metadata":{
        "normals":90,
        "faces":180,
        "type":"Geometry",
        "uvs":1,