{
    "normals":[-0,1,-0,-0,0,-1,0,-0.595748,0.803172,-0,-0.595747,0.803172,0,-0.59556,0.803311,-1,0,-0,-1,0,0,-1,0,0,0.649192,0,0.760625,0.649191,0,0.760625,0,-1,-0,0,0.59556,0.803311,-0,0.595748,0.803172,0,0.595748,0.803172,-0.823262,0,0.567662,-0.823262,0,0.567662,0,0.581243,-0.81373,-0,0.581238,-0.813734,0,0.581237,-0.813734,-0.633411,0,-0.773815,0,-0.581243,-0.81373,-0,-0.581238,-0.813734,0,-0.581237,-0.813734,0.804026,-0,-0.594595,0.804026,0,-0.594595,-0,-0,1,0,-0,1,0,0,1,-0,0,1,-0.556865,-0.262522,-0.788025,-0.556866,-0.262522,-0.788025,0,-0,-1,-0,-0,-1,0,-0,-1,0,0,-1,0,0.615645,-0.788024,0,0.615643,-0.788025,-0,0.615642,-0.788026,-0,0.615642,-0.788026,-0,0.615643,-0.788025,-1e-06,0.615644,-0.788025,0.543534,0.289114,-0.788025,0.543535,0.289114,-0.788025,0.543534,-0.289114,-0.788025,0.543535,-0.289114,-0.788025,0,-0.615642,-0.788026,0,-0.615643,-0.788025,0,-0.615645,-0.788024,-1e-06,-0.615644,-0.788025,-0,-0.615643,-0.788025,0,-0.615642,-0.788026,0.615644,0,-0.788025,-0.556866,0.262522,-0.788025,-0.556865,0.262522,-0.788025,-0.615635,0,-0.788031,-0.615644,-1e-06,-0.788025,-0.615645,0,-0.788024,-0.615644,1e-06,-0.788025,-0.615635,0,-0.788031],
    "vertices":[-1.28679,2.55,0.22,-1.28039,2.555,0.22,-1.35335,2.555,0.22,-1.35335,2.55,0.22,-1.28039,2.555,-0.22,-1.35335,2.555,-0.22,-1.38778,2.6,0.15,-1.35335,2.55007,0.217316,-1.35335,2.55,0.217409,-1.7683,2.55,0.217409,-1.70972,2.6,0.15,-1.35335,2.55007,-0.217316,-1.35335,2.55,-0.217409,-1.35335,2.55344,0.215178,-1.35335,2.55,-0.22,-1.35335,2.55344,-0.215178,-1.7683,2.55,-0.217409,-1.70972,2.6,-0.15,-1.28679,2.55,-0.22,-1.3508,2.55,-0.22,-1.3533,2.55,-0.22,-1.38778,2.6,-0.15,-1.7708,2.55,0.22,-1.7708,2.55,-0.22,-1.28679,2.55,-0.30249,-0.954836,2.55,-1.00663,-0.887908,2.55,-1.00663,-0.497862,2.55,-1.00663,-0.213276,2.55,-0.471606,-0.213276,2.55,0.471606,-0.497862,2.55,1.00663,-0.887908,2.55,1.00663,-0.954836,2.55,1.00663,-1.28679,2.55,0.30249,-1.22279,2.6,-0.288161,-0.914253,2.6,-0.942628,-1.22279,2.6,0.288161,-0.914253,2.6,0.942627,-0.725281,2.6,0.942627,-0.53631,2.6,0.942627,-0.277276,2.6,0.455643,-0.277276,2.6,-0.455644,-0.53631,2.6,-0.942628,-0.725281,2.6,-0.942628,-0.725815,2.575,0.974627,-0.725815,2.575,-0.974628,-1.28039,2.555,0.22,-1.28039,2.555,0.22,-1.35335,2.555,0.22,-1.35335,2.55,0.217409,-1.35335,2.55007,0.217316,-1.35335,2.55007,0.217316,-1.35335,2.55,0.22,-1.35335,2.555,0.22,-1.35335,2.555,0.22,-1.35335,2.555,-0.22,-1.35335,2.555,-0.22,-1.35335,2.555,-0.22,-1.70972,2.6,0.15,-1.7683,2.55,0.217409,-1.7683,2.55,0.217409,-1.28039,2.555,-0.22,-1.35335,2.555,-0.22,-1.35335,2.555,-0.22,-1.35335,2.555,-0.22,-1.35335,2.55,-0.22,-1.35335,2.555,-0.22,-1.35335,2.55,-0.217409,-1.35335,2.55007,-0.217316,-1.7683,2.55,-0.217409,-1.7683,2.55,-0.217409,-1.35335,2.55007,-0.217316,-1.70972,2.6,-0.15,-1.70972,2.6,-0.15,-1.35335,2.55007,-0.217316,-1.38778,2.6,0.15,-1.38778,2.6,-0.15,-1.35335,2.55007,0.217316,-1.35335,2.55007,0.217316,-1.38778,2.6,-0.15,-1.35335,2.55007,-0.217316,-1.35335,2.55,0.22,-1.35335,2.55344,0.215178,-1.35335,2.55344,0.215178,-1.70972,2.6,0.15,-1.70972,2.6,0.15,-1.35335,2.55344,0.215178,-1.38778,2.6,0.15,-1.70972,2.6,-0.15,-1.70972,2.6,-0.15,-1.70972,2.6,0.15,-1.35335,2.55,-0.22,-1.7708,2.55,-0.22,-1.35335,2.55344,-0.215178,-1.35335,2.55344,-0.215178,-1.7708,2.55,-0.22,-1.70972,2.6,-0.15,-1.35335,2.55344,-0.215178,-1.70972,2.6,-0.15,-1.38778,2.6,-0.15,-1.35335,2.55344,0.215178,-1.35335,2.55344,-0.215178,-1.38778,2.6,0.15,-1.38778,2.6,0.15,-1.35335,2.55344,-0.215178,-1.38778,2.6,-0.15,-1.35335,2.55,-0.217409,-1.28679,2.55,-0.22,-1.35335,2.55,0.217409,-1.35335,2.55,0.217409,-1.28679,2.55,-0.22,-1.28679,2.55,0.22,-1.35335,2.55,0.217409,-1.28679,2.55,0.22,-1.35335,2.55,0.22,-1.7683,2.55,-0.217409,-1.35335,2.55,-0.22,-1.35335,2.55,-0.217409,-1.35335,2.55,-0.217409,-1.35335,2.55,-0.22,-1.3533,2.55,-0.22,-1.35335,2.55,-0.217409,-1.3533,2.55,-0.22,-1.3508,2.55,-0.22,-1.7683,2.55,0.217409,-1.7708,2.55,0.22,-1.7683,2.55,-0.217409,-1.7683,2.55,-0.217409,-1.7708,2.55,0.22,-1.7708,2.55,-0.22,-1.7683,2.55,-0.217409,-1.7708,2.55,-0.22,-1.35335,2.55,-0.22,-1.7708,2.55,0.22,-1.7683,2.55,0.217409,-1.35335,2.55,0.22,-1.35335,2.55,0.22,-1.7683,2.55,0.217409,-1.35335,2.55,0.217409,-1.28679,2.55,-0.22,-1.28679,2.55,-0.22,-1.28679,2.55,-0.22,-1.28679,2.55,0.22,-1.28679,2.55,0.22,-1.3508,2.55,-0.22,-1.28679,2.55,-0.22,-1.35335,2.55,-0.217409,-0.954836,2.55,-1.00663,-0.954836,2.55,-1.00663,-1.28679,2.55,-0.30249,-1.22279,2.6,-0.288161,-1.22279,2.6,-0.288161,-1.22279,2.6,-0.288161,-0.914253,2.6,-0.942628,-0.887908,2.55,1.00663,-0.497862,2.55,1.00663,-0.497862,2.55,1.00663,-0.53631,2.6,0.942627,-0.53631,2.6,0.942627,-0.725281,2.6,0.942627,-0.725281,2.6,0.942627,-0.914253,2.6,0.942627,-0.914253,2.6,0.942627,-0.887908,2.55,1.00663,-0.914253,2.6,0.942627,-0.887908,2.55,1.00663,-0.53631,2.6,0.942627,-0.277276,2.6,0.455643,-0.277276,2.6,0.455643,-0.213276,2.55,0.471606,-0.53631,2.6,-0.942628,-0.277276,2.6,-0.455644,-0.277276,2.6,-0.455644,-0.213276,2.55,-0.471606,-0.725281,2.6,-0.942628,-0.53631,2.6,-0.942628,-0.53631,2.6,-0.942628,-0.497862,2.55,-1.00663,-0.497862,2.55,-1.00663,-0.887908,2.55,-1.00663,-0.954836,2.55,-1.00663,-0.914253,2.6,-0.942628,-0.887908,2.55,-1.00663,-0.887908,2.55,-1.00663,-0.914253,2.6,-0.942628,-0.914253,2.6,-0.942628,-0.725281,2.6,-0.942628,-0.213276,2.55,-0.471606,-0.277276,2.6,-0.455644,-0.213276,2.55,0.471606,-0.213276,2.55,0.471606,-0.277276,2.6,-0.455644,-0.277276,2.6,0.455643,-1.28679,2.55,0.30249,-1.22279,2.6,0.288161,-1.22279,2.6,0.288161,-0.954836,2.55,1.00663,-0.914253,2.6,0.942627,-1.28679,2.55,0.22,-1.28679,2.55,0.30249,-1.28039,2.555,0.22,-1.28039,2.555,0.22,-1.28679,2.55,0.30249,-1.22279,2.6,0.288161,-1.28039,2.555,0.22,-1.22279,2.6,0.288161,-1.28039,2.555,-0.22,-1.28039,2.555,-0.22,-1.22279,2.6,0.288161,-1.22279,2.6,-0.288161,-1.28039,2.555,-0.22,-1.22279,2.6,-0.288161,-1.28679,2.55,-0.30249,-1.28679,2.55,-0.30249,-1.28679,2.55,-0.22,-1.28039,2.555,-0.22],
    "materials":[{
        "colorEmissive":[0,0,0],
        "DbgIndex":0,
        "colorSpecular":[0.476471,0.476471,0.476471],
        "transparent":false,
        "DbgColor":15658734,
        "shading":"phong",
        "visible":true,
        "blending":"NormalBlending",
        "depthWrite":true,
        "wireframe":false,
        "specularCoef":50,
        "depthTest":true,
        "DbgName":"Global.001",
        "opacity":1,
        "colorDiffuse":[0,0,0]
    }],
    "metadata":{
        "vertices":216,
        "version":3,
        "materials":1,
        "uvs":1,
        "normals":59,
        "type":"Geometry",
        "generator":"io_three",
        "faces":92
    },
    "uvs":[[0.912287,0,1,1,0,1,0,0,1,0,0.082971,1,-0,0.001381,0.858821,1,-0,0,0.999786,1,0,0,0.000214,1,0.989041,0.688843,0,1,0.01096,0.688843,0.155028,1,0.844972,1,0.087713,0,0.965088,0,0.999348,0,1,0,1,0.001381,0.141179,1,0.917029,1,1,0.15488,1,0.84512,0,1,1,0.068886,0.146323,1,0.917526,1,1,0.840909,1,0.159091,1,1,-0,0.068886,0.853677,1,0.082474,1,0,0.151451,0,0.848549,0.731977,0.607989,0.68924,0.609276,0.731977,0.392011,0.68924,0.390724,0.731977,0.390724,0.998395,0.607989,0.731977,0.609276,0.731947,0.609276,0.730342,0.609276,0.998395,0.392011,1,0.390724,1,0.609276,0.68924,0.650249,0.734251,0,0.265749,0,0.349751,0,0.433143,0,0.476114,1,0.433143,1,0.089079,1,1,0,-0,0,0.980055,0,0.326315,0,0.526177,0,0,0.34715,0,0.65285,0.526177,1,0.326315,1,0.726038,0,1,0.258312,1,0.741688,0.726038,1,0.146459,0,1,0,0.501168,0.5,0.915864,1,0.502337,1,0.08881,1,0.116156,1,0.971029,0,0.883844,1,0.028971,0,0.497663,1,0.084136,1,0.498832,0.5,0,0,0.853541,0,0.91119,1,0.983077,1,0.016923,1,0.019944,0,-0,1,0.910921,1,0,0.136352,0.1,0.136352,1,0.023686,0.1,0.863648,1,0.976314,0,0.863648]],
    "name":"3dSolidGeometry",